userId,songname,artist1,artist2,artist3,genre
User_1,Stairway to Heaven,Led Zeppelin,Led Zeppelin,Led Zeppelin,Rock
User_1,Waterloo Sunset,The Kinks,The Kinks,The Kinks,Lofi
User_1,Bohemian Rhapsody,Queen,Queen,Queen,Rock
User_1,Shape of You,Ed Sheeran,Ed Sheeran,Ed Sheeran,Pop
User_1,Bohemian Like You,The Dandy Warhols,The Dandy Warhols,The Dandy Warhols,Rock
User_2,Shape of You,Ed Sheeran,Ed Sheeran,Ed Sheeran,Pop
User_2,Good Vibrations,The Beach Boys,The Beach Boys,The Beach Boys,Pop
User_2,Billie Jean,Michael Jackson,Michael Jackson,Michael Jackson,Reverbe
User_2,Hotel California,Eagles,Eagles,Eagles,Slow
User_2,What's Going On,Marvin Gaye,Marvin Gaye,Marvin Gaye,R&B
User_3,Rolling in the Deep,Adele,Adele,Adele,Pop
User_3,What's Going On,Marvin Gaye,Marvin Gaye,Marvin Gaye,R&B
User_3,Hey Jude,The Beatles,The Beatles,The Beatles,Rock
User_3,Stairway to Heaven,Led Zeppelin,Led Zeppelin,Led Zeppelin,Rock
User_3,Thriller,Michael Jackson,Michael Jackson,Michael Jackson,Pop
User_4,Good Vibrations,The Beach Boys,The Beach Boys,The Beach Boys,Pop
User_4,Like a Rolling Stone,Bob Dylan,Bob Dylan,Bob Dylan,Rock
User_4,Wish You Were Here,Pink Floyd,Pink Floyd,Pink Floyd,Jazz
User_4,Rolling in the Deep,Adele,Adele,Adele,Pop
User_4,Thriller,Michael Jackson,Michael Jackson,Michael Jackson,Pop
User_5,A Day in the Life,The Beatles,The Beatles,The Beatles,Rock
User_5,Bohemian Rhapsody,Queen,Queen,Queen,Rock
User_5,Brown Sugar,The Rolling Stones,The Rolling Stones,The Rolling Stones,Rock
User_5,Wish You Were Here,Pink Floyd,Pink Floyd,Pink Floyd,Jazz
User_5,What's Going On,Marvin Gaye,Marvin Gaye,Marvin Gaye,R&B
User_6,Rolling in the Deep,Adele,Adele,Adele,Pop
User_6,What's Going On,Marvin Gaye,Marvin Gaye,Marvin Gaye,R&B
User_6,Hotel California,Eagles,Eagles,Eagles,Slow
User_6,A Day in the Life,The Beatles,The Beatles,The Beatles,Rock
User_6,Like a Rolling Stone,Bob Dylan,Bob Dylan,Bob Dylan,Rock
User_7,Rolling in the Deep,Adele,Adele,Adele,Pop
User_7,Waterloo Sunset,The Kinks,The Kinks,The Kinks,Lofi
User_7,American Pie,Don McLean,Don McLean,Don McLean,Rock
User_7,Shape of You,Ed Sheeran,Ed Sheeran,Ed Sheeran,Pop
User_7,Like a Rolling Stone,Bob Dylan,Bob Dylan,Bob Dylan,Rock
User_8,Like a Rolling Stone,Bob Dylan,Bob Dylan,Bob Dylan,Rock
User_8,Hey Jude,The Beatles,The Beatles,The Beatles,Rock
User_8,Stairway to Heaven,Led Zeppelin,Led Zeppelin,Led Zeppelin,Rock
User_8,Wish You Were Here,Pink Floyd,Pink Floyd,Pink Floyd,Jazz
User_8,Rolling in the Deep,Adele,Adele,Adele,Pop
User_9,Like a Rolling Stone,Bob Dylan,Bob Dylan,Bob Dylan,Rock
User_9,Bohemian Like You,The Dandy Warhols,The Dandy Warhols,The Dandy Warhols,Rock
User_9,Good Vibrations,The Beach Boys,The Beach Boys,The Beach Boys,Pop
User_9,Stairway to Heaven,Led Zeppelin,Led Zeppelin,Led Zeppelin,Rock
User_9,Hotel California,Eagles,Eagles,Eagles,Slow
User_10,Shape of You,Ed Sheeran,Ed Sheeran,Ed Sheeran,Pop
User_10,A Day in the Life,The Beatles,The Beatles,The Beatles,Rock
User_10,Thriller,Michael Jackson,Michael Jackson,Michael Jackson,Pop
User_10,Smells Like Teen Spirit,Nirvana,Nirvana,Nirvana,Grunge
User_10,Brown Sugar,The Rolling Stones,The Rolling Stones,The Rolling Stones,Rock
User_11,Thriller,Michael Jackson,Michael Jackson,Michael Jackson,Pop
User_11,Like a Rolling Stone,Bob Dylan,Bob Dylan,Bob Dylan,Rock
User_11,Wish You Were Here,Pink Floyd,Pink Floyd,Pink Floyd,Jazz
User_11,What's Going On,Marvin Gaye,Marvin Gaye,Marvin Gaye,R&B
User_11,Billie Jean,Michael Jackson,Michael Jackson,Michael Jackson,Reverbe
User_12,Rolling in the Deep,Adele,Adele,Adele,Pop
User_12,Smells Like Teen Spirit,Nirvana,Nirvana,Nirvana,Grunge
User_12,What's Going On,Marvin Gaye,Marvin Gaye,Marvin Gaye,R&B
User_12,Waterloo Sunset,The Kinks,The Kinks,The Kinks,Lofi
User_12,Billie Jean,Michael Jackson,Michael Jackson,Michael Jackson,Reverbe
User_13,Wish You Were Here,Pink Floyd,Pink Floyd,Pink Floyd,Jazz
User_13,Waterloo Sunset,The Kinks,The Kinks,The Kinks,Lofi
User_13,Good Vibrations,The Beach Boys,The Beach Boys,The Beach Boys,Pop
User_13,American Pie,Don McLean,Don McLean,Don McLean,Rock
User_13,Hey Jude,The Beatles,The Beatles,The Beatles,Rock
User_14,Like a Rolling Stone,Bob Dylan,Bob Dylan,Bob Dylan,Rock
User_14,Waterloo Sunset,The Kinks,The Kinks,The Kinks,Lofi
User_14,A Day in the Life,The Beatles,The Beatles,The Beatles,Rock
User_14,Imagine,John Lennon,John Lennon,John Lennon,Rock
User_14,Billie Jean,Michael Jackson,Michael Jackson,Michael Jackson,Reverbe
User_15,Thriller,Michael Jackson,Michael Jackson,Michael Jackson,Pop
User_15,Waterloo Sunset,The Kinks,The Kinks,The Kinks,Lofi
User_15,Sympathy for the Devil,The Rolling Stones,The Rolling Stones,The Rolling Stones,Jazz
User_15,Like a Rolling Stone,Bob Dylan,Bob Dylan,Bob Dylan,Rock
User_15,Hotel California,Eagles,Eagles,Eagles,Slow
User_16,Billie Jean,Michael Jackson,Michael Jackson,Michael Jackson,Reverbe
User_16,What's Going On,Marvin Gaye,Marvin Gaye,Marvin Gaye,R&B
User_16,Stairway to Heaven,Led Zeppelin,Led Zeppelin,Led Zeppelin,Rock
User_16,Like a Rolling Stone,Bob Dylan,Bob Dylan,Bob Dylan,Rock
User_16,Sympathy for the Devil,The Rolling Stones,The Rolling Stones,The Rolling Stones,Jazz
User_17,Smells Like Teen Spirit,Nirvana,Nirvana,Nirvana,Grunge
User_17,Brown Sugar,The Rolling Stones,The Rolling Stones,The Rolling Stones,Rock
User_17,Good Vibrations,The Beach Boys,The Beach Boys,The Beach Boys,Pop
User_17,Like a Rolling Stone,Bob Dylan,Bob Dylan,Bob Dylan,Rock
User_17,A Day in the Life,The Beatles,The Beatles,The Beatles,Rock
User_18,Hey Jude,The Beatles,The Beatles,The Beatles,Rock
User_18,Good Vibrations,The Beach Boys,The Beach Boys,The Beach Boys,Pop
User_18,Billie Jean,Michael Jackson,Michael Jackson,Michael Jackson,Reverbe
User_18,Sympathy for the Devil,The Rolling Stones,The Rolling Stones,The Rolling Stones,Jazz
User_18,What's Going On,Marvin Gaye,Marvin Gaye,Marvin Gaye,R&B
User_19,Shape of You,Ed Sheeran,Ed Sheeran,Ed Sheeran,Pop
User_19,Smells Like Teen Spirit,Nirvana,Nirvana,Nirvana,Grunge
User_19,Wish You Were Here,Pink Floyd,Pink Floyd,Pink Floyd,Jazz
User_19,American Pie,Don McLean,Don McLean,Don McLean,Rock
User_19,Bohemian Rhapsody,Queen,Queen,Queen,Rock
User_20,Wish You Were Here,Pink Floyd,Pink Floyd,Pink Floyd,Jazz
User_20,American Pie,Don McLean,Don McLean,Don McLean,Rock
User_20,Bohemian Like You,The Dandy Warhols,The Dandy Warhols,The Dandy Warhols,Rock
User_20,Stairway to Heaven,Led Zeppelin,Led Zeppelin,Led Zeppelin,Rock
User_20,Shape of You,Ed Sheeran,Ed Sheeran,Ed Sheeran,Pop
User_21,What's Going On,Marvin Gaye,Marvin Gaye,Marvin Gaye,R&B
User_21,Smells Like Teen Spirit,Nirvana,Nirvana,Nirvana,Grunge
User_21,Like a Rolling Stone,Bob Dylan,Bob Dylan,Bob Dylan,Rock
User_21,Billie Jean,Michael Jackson,Michael Jackson,Michael Jackson,Reverbe
User_21,American Pie,Don McLean,Don McLean,Don McLean,Rock
User_22,Billie Jean,Michael Jackson,Michael Jackson,Michael Jackson,Reverbe
User_22,Rolling in the Deep,Adele,Adele,Adele,Pop
User_22,Shape of You,Ed Sheeran,Ed Sheeran,Ed Sheeran,Pop
User_22,Imagine,John Lennon,John Lennon,John Lennon,Rock
User_22,Good Vibrations,The Beach Boys,The Beach Boys,The Beach Boys,Pop
User_23,Good Vibrations,The Beach Boys,The Beach Boys,The Beach Boys,Pop
User_23,Hey Jude,The Beatles,The Beatles,The Beatles,Rock
User_23,Sympathy for the Devil,The Rolling Stones,The Rolling Stones,The Rolling Stones,Jazz
User_23,Stairway to Heaven,Led Zeppelin,Led Zeppelin,Led Zeppelin,Rock
User_23,Billie Jean,Michael Jackson,Michael Jackson,Michael Jackson,Reverbe
User_24,Rolling in the Deep,Adele,Adele,Adele,Pop
User_24,Wish You Were Here,Pink Floyd,Pink Floyd,Pink Floyd,Jazz
User_24,A Day in the Life,The Beatles,The Beatles,The Beatles,Rock
User_24,Good Vibrations,The Beach Boys,The Beach Boys,The Beach Boys,Pop
User_24,Stairway to Heaven,Led Zeppelin,Led Zeppelin,Led Zeppelin,Rock
User_25,Bohemian Like You,The Dandy Warhols,The Dandy Warhols,The Dandy Warhols,Rock
User_25,American Pie,Don McLean,Don McLean,Don McLean,Rock
User_25,Hotel California,Eagles,Eagles,Eagles,Slow
User_25,Rolling in the Deep,Adele,Adele,Adele,Pop
User_25,A Day in the Life,The Beatles,The Beatles,The Beatles,Rock
User_26,Rolling in the Deep,Adele,Adele,Adele,Pop
User_26,Bohemian Rhapsody,Queen,Queen,Queen,Rock
User_26,Brown Sugar,The Rolling Stones,The Rolling Stones,The Rolling Stones,Rock
User_26,Like a Rolling Stone,Bob Dylan,Bob Dylan,Bob Dylan,Rock
User_26,Hotel California,Eagles,Eagles,Eagles,Slow
User_27,Smells Like Teen Spirit,Nirvana,Nirvana,Nirvana,Grunge
User_27,Good Vibrations,The Beach Boys,The Beach Boys,The Beach Boys,Pop
User_27,Shape of You,Ed Sheeran,Ed Sheeran,Ed Sheeran,Pop
User_27,Wish You Were Here,Pink Floyd,Pink Floyd,Pink Floyd,Jazz
User_27,Waterloo Sunset,The Kinks,The Kinks,The Kinks,Lofi
User_28,Bohemian Like You,The Dandy Warhols,The Dandy Warhols,The Dandy Warhols,Rock
User_28,Like a Rolling Stone,Bob Dylan,Bob Dylan,Bob Dylan,Rock
User_28,Waterloo Sunset,The Kinks,The Kinks,The Kinks,Lofi
User_28,Wish You Were Here,Pink Floyd,Pink Floyd,Pink Floyd,Jazz
User_28,Smells Like Teen Spirit,Nirvana,Nirvana,Nirvana,Grunge
User_29,Sympathy for the Devil,The Rolling Stones,The Rolling Stones,The Rolling Stones,Jazz
User_29,Rolling in the Deep,Adele,Adele,Adele,Pop
User_29,A Day in the Life,The Beatles,The Beatles,The Beatles,Rock
User_29,What's Going On,Marvin Gaye,Marvin Gaye,Marvin Gaye,R&B
User_29,Wish You Were Here,Pink Floyd,Pink Floyd,Pink Floyd,Jazz
User_30,Smells Like Teen Spirit,Nirvana,Nirvana,Nirvana,Grunge
User_30,Shape of You,Ed Sheeran,Ed Sheeran,Ed Sheeran,Pop
User_30,Stairway to Heaven,Led Zeppelin,Led Zeppelin,Led Zeppelin,Rock
User_30,American Pie,Don McLean,Don McLean,Don McLean,Rock
User_30,Bohemian Like You,The Dandy Warhols,The Dandy Warhols,The Dandy Warhols,Rock
User_31,Shape of You,Ed Sheeran,Ed Sheeran,Ed Sheeran,Pop
User_31,Waterloo Sunset,The Kinks,The Kinks,The Kinks,Lofi
User_31,Good Vibrations,The Beach Boys,The Beach Boys,The Beach Boys,Pop
User_31,Bohemian Like You,The Dandy Warhols,The Dandy Warhols,The Dandy Warhols,Rock
User_31,Hotel California,Eagles,Eagles,Eagles,Slow
User_32,Shape of You,Ed Sheeran,Ed Sheeran,Ed Sheeran,Pop
User_32,Brown Sugar,The Rolling Stones,The Rolling Stones,The Rolling Stones,Rock
User_32,Bohemian Like You,The Dandy Warhols,The Dandy Warhols,The Dandy Warhols,Rock
User_32,A Day in the Life,The Beatles,The Beatles,The Beatles,Rock
User_32,Imagine,John Lennon,John Lennon,John Lennon,Rock
User_33,Smells Like Teen Spirit,Nirvana,Nirvana,Nirvana,Grunge
User_33,Bohemian Like You,The Dandy Warhols,The Dandy Warhols,The Dandy Warhols,Rock
User_33,Hey Jude,The Beatles,The Beatles,The Beatles,Rock
User_33,American Pie,Don McLean,Don McLean,Don McLean,Rock
User_33,Shape of You,Ed Sheeran,Ed Sheeran,Ed Sheeran,Pop
User_34,Bohemian Like You,The Dandy Warhols,The Dandy Warhols,The Dandy Warhols,Rock
User_34,Sympathy for the Devil,The Rolling Stones,The Rolling Stones,The Rolling Stones,Jazz
User_34,American Pie,Don McLean,Don McLean,Don McLean,Rock
User_34,Billie Jean,Michael Jackson,Michael Jackson,Michael Jackson,Reverbe
User_34,A Day in the Life,The Beatles,The Beatles,The Beatles,Rock
User_35,Bohemian Like You,The Dandy Warhols,The Dandy Warhols,The Dandy Warhols,Rock
User_35,Stairway to Heaven,Led Zeppelin,Led Zeppelin,Led Zeppelin,Rock
User_35,Sympathy for the Devil,The Rolling Stones,The Rolling Stones,The Rolling Stones,Jazz
User_35,Brown Sugar,The Rolling Stones,The Rolling Stones,The Rolling Stones,Rock
User_35,What's Going On,Marvin Gaye,Marvin Gaye,Marvin Gaye,R&B
User_36,Good Vibrations,The Beach Boys,The Beach Boys,The Beach Boys,Pop
User_36,Billie Jean,Michael Jackson,Michael Jackson,Michael Jackson,Reverbe
User_36,Waterloo Sunset,The Kinks,The Kinks,The Kinks,Lofi
User_36,Brown Sugar,The Rolling Stones,The Rolling Stones,The Rolling Stones,Rock
User_36,Hey Jude,The Beatles,The Beatles,The Beatles,Rock
User_37,Wish You Were Here,Pink Floyd,Pink Floyd,Pink Floyd,Jazz
User_37,What's Going On,Marvin Gaye,Marvin Gaye,Marvin Gaye,R&B
User_37,Rolling in the Deep,Adele,Adele,Adele,Pop
User_37,Imagine,John Lennon,John Lennon,John Lennon,Rock
User_37,Smells Like Teen Spirit,Nirvana,Nirvana,Nirvana,Grunge
User_38,Imagine,John Lennon,John Lennon,John Lennon,Rock
User_38,Bohemian Like You,The Dandy Warhols,The Dandy Warhols,The Dandy Warhols,Rock
User_38,Good Vibrations,The Beach Boys,The Beach Boys,The Beach Boys,Pop
User_38,Shape of You,Ed Sheeran,Ed Sheeran,Ed Sheeran,Pop
User_38,Stairway to Heaven,Led Zeppelin,Led Zeppelin,Led Zeppelin,Rock
User_39,American Pie,Don McLean,Don McLean,Don McLean,Rock
User_39,Hotel California,Eagles,Eagles,Eagles,Slow
User_39,Sympathy for the Devil,The Rolling Stones,The Rolling Stones,The Rolling Stones,Jazz
User_39,Shape of You,Ed Sheeran,Ed Sheeran,Ed Sheeran,Pop
User_39,Waterloo Sunset,The Kinks,The Kinks,The Kinks,Lofi
User_40,Imagine,John Lennon,John Lennon,John Lennon,Rock
User_40,Brown Sugar,The Rolling Stones,The Rolling Stones,The Rolling Stones,Rock
User_40,American Pie,Don McLean,Don McLean,Don McLean,Rock
User_40,Bohemian Rhapsody,Queen,Queen,Queen,Rock
User_40,Smells Like Teen Spirit,Nirvana,Nirvana,Nirvana,Grunge
User_41,Bohemian Like You,The Dandy Warhols,The Dandy Warhols,The Dandy Warhols,Rock
User_41,Imagine,John Lennon,John Lennon,John Lennon,Rock
User_41,Hotel California,Eagles,Eagles,Eagles,Slow
User_41,Good Vibrations,The Beach Boys,The Beach Boys,The Beach Boys,Pop
User_41,A Day in the Life,The Beatles,The Beatles,The Beatles,Rock
User_42,Shape of You,Ed Sheeran,Ed Sheeran,Ed Sheeran,Pop
User_42,Billie Jean,Michael Jackson,Michael Jackson,Michael Jackson,Reverbe
User_42,Sympathy for the Devil,The Rolling Stones,The Rolling Stones,The Rolling Stones,Jazz
User_42,Bohemian Like You,The Dandy Warhols,The Dandy Warhols,The Dandy Warhols,Rock
User_42,Rolling in the Deep,Adele,Adele,Adele,Pop
User_43,Rolling in the Deep,Adele,Adele,Adele,Pop
User_43,Good Vibrations,The Beach Boys,The Beach Boys,The Beach Boys,Pop
User_43,Hey Jude,The Beatles,The Beatles,The Beatles,Rock
User_43,Billie Jean,Michael Jackson,Michael Jackson,Michael Jackson,Reverbe
User_43,Like a Rolling Stone,Bob Dylan,Bob Dylan,Bob Dylan,Rock
User_44,Bohemian Rhapsody,Queen,Queen,Queen,Rock
User_44,Hey Jude,The Beatles,The Beatles,The Beatles,Rock
User_44,Stairway to Heaven,Led Zeppelin,Led Zeppelin,Led Zeppelin,Rock
User_44,Like a Rolling Stone,Bob Dylan,Bob Dylan,Bob Dylan,Rock
User_44,Bohemian Like You,The Dandy Warhols,The Dandy Warhols,The Dandy Warhols,Rock
User_45,Sympathy for the Devil,The Rolling Stones,The Rolling Stones,The Rolling Stones,Jazz
User_45,Rolling in the Deep,Adele,Adele,Adele,Pop
User_45,Hotel California,Eagles,Eagles,Eagles,Slow
User_45,Like a Rolling Stone,Bob Dylan,Bob Dylan,Bob Dylan,Rock
User_45,Shape of You,Ed Sheeran,Ed Sheeran,Ed Sheeran,Pop
User_46,Smells Like Teen Spirit,Nirvana,Nirvana,Nirvana,Grunge
User_46,Brown Sugar,The Rolling Stones,The Rolling Stones,The Rolling Stones,Rock
User_46,Hey Jude,The Beatles,The Beatles,The Beatles,Rock
User_46,Bohemian Like You,The Dandy Warhols,The Dandy Warhols,The Dandy Warhols,Rock
User_46,Good Vibrations,The Beach Boys,The Beach Boys,The Beach Boys,Pop
User_47,What's Going On,Marvin Gaye,Marvin Gaye,Marvin Gaye,R&B
User_47,Waterloo Sunset,The Kinks,The Kinks,The Kinks,Lofi
User_47,Brown Sugar,The Rolling Stones,The Rolling Stones,The Rolling Stones,Rock
User_47,A Day in the Life,The Beatles,The Beatles,The Beatles,Rock
User_47,Hey Jude,The Beatles,The Beatles,The Beatles,Rock
User_48,Thriller,Michael Jackson,Michael Jackson,Michael Jackson,Pop
User_48,A Day in the Life,The Beatles,The Beatles,The Beatles,Rock
User_48,American Pie,Don McLean,Don McLean,Don McLean,Rock
User_48,Imagine,John Lennon,John Lennon,John Lennon,Rock
User_48,Like a Rolling Stone,Bob Dylan,Bob Dylan,Bob Dylan,Rock
User_49,Thriller,Michael Jackson,Michael Jackson,Michael Jackson,Pop
User_49,Billie Jean,Michael Jackson,Michael Jackson,Michael Jackson,Reverbe
User_49,Good Vibrations,The Beach Boys,The Beach Boys,The Beach Boys,Pop
User_49,Shape of You,Ed Sheeran,Ed Sheeran,Ed Sheeran,Pop
User_49,Stairway to Heaven,Led Zeppelin,Led Zeppelin,Led Zeppelin,Rock
User_50,Good Vibrations,The Beach Boys,The Beach Boys,The Beach Boys,Pop
User_50,Wish You Were Here,Pink Floyd,Pink Floyd,Pink Floyd,Jazz
User_50,Brown Sugar,The Rolling Stones,The Rolling Stones,The Rolling Stones,Rock
User_50,Waterloo Sunset,The Kinks,The Kinks,The Kinks,Lofi
User_50,Smells Like Teen Spirit,Nirvana,Nirvana,Nirvana,Grunge
User_51,Stairway to Heaven,Led Zeppelin,Led Zeppelin,Led Zeppelin,Rock
User_51,American Pie,Don McLean,Don McLean,Don McLean,Rock
User_51,Hotel California,Eagles,Eagles,Eagles,Slow
User_51,Waterloo Sunset,The Kinks,The Kinks,The Kinks,Lofi
User_51,Billie Jean,Michael Jackson,Michael Jackson,Michael Jackson,Reverbe
User_52,Waterloo Sunset,The Kinks,The Kinks,The Kinks,Lofi
User_52,Sympathy for the Devil,The Rolling Stones,The Rolling Stones,The Rolling Stones,Jazz
User_52,What's Going On,Marvin Gaye,Marvin Gaye,Marvin Gaye,R&B
User_52,Shape of You,Ed Sheeran,Ed Sheeran,Ed Sheeran,Pop
User_52,Bohemian Rhapsody,Queen,Queen,Queen,Rock
User_53,Bohemian Like You,The Dandy Warhols,The Dandy Warhols,The Dandy Warhols,Rock
User_53,Shape of You,Ed Sheeran,Ed Sheeran,Ed Sheeran,Pop
User_53,Sympathy for the Devil,The Rolling Stones,The Rolling Stones,The Rolling Stones,Jazz
User_53,Brown Sugar,The Rolling Stones,The Rolling Stones,The Rolling Stones,Rock
User_53,Stairway to Heaven,Led Zeppelin,Led Zeppelin,Led Zeppelin,Rock
User_54,Hotel California,Eagles,Eagles,Eagles,Slow
User_54,Stairway to Heaven,Led Zeppelin,Led Zeppelin,Led Zeppelin,Rock
User_54,Bohemian Rhapsody,Queen,Queen,Queen,Rock
User_54,Bohemian Like You,The Dandy Warhols,The Dandy Warhols,The Dandy Warhols,Rock
User_54,Good Vibrations,The Beach Boys,The Beach Boys,The Beach Boys,Pop
User_55,Imagine,John Lennon,John Lennon,John Lennon,Rock
User_55,Smells Like Teen Spirit,Nirvana,Nirvana,Nirvana,Grunge
User_55,Hotel California,Eagles,Eagles,Eagles,Slow
User_55,Bohemian Like You,The Dandy Warhols,The Dandy Warhols,The Dandy Warhols,Rock
User_55,Like a Rolling Stone,Bob Dylan,Bob Dylan,Bob Dylan,Rock
User_56,Thriller,Michael Jackson,Michael Jackson,Michael Jackson,Pop
User_56,Bohemian Rhapsody,Queen,Queen,Queen,Rock
User_56,Imagine,John Lennon,John Lennon,John Lennon,Rock
User_56,Hey Jude,The Beatles,The Beatles,The Beatles,Rock
User_56,Shape of You,Ed Sheeran,Ed Sheeran,Ed Sheeran,Pop
User_57,A Day in the Life,The Beatles,The Beatles,The Beatles,Rock
User_57,Brown Sugar,The Rolling Stones,The Rolling Stones,The Rolling Stones,Rock
User_57,American Pie,Don McLean,Don McLean,Don McLean,Rock
User_57,Billie Jean,Michael Jackson,Michael Jackson,Michael Jackson,Reverbe
User_57,Wish You Were Here,Pink Floyd,Pink Floyd,Pink Floyd,Jazz
User_58,Stairway to Heaven,Led Zeppelin,Led Zeppelin,Led Zeppelin,Rock
User_58,Sympathy for the Devil,The Rolling Stones,The Rolling Stones,The Rolling Stones,Jazz
User_58,Shape of You,Ed Sheeran,Ed Sheeran,Ed Sheeran,Pop
User_58,A Day in the Life,The Beatles,The Beatles,The Beatles,Rock
User_58,Good Vibrations,The Beach Boys,The Beach Boys,The Beach Boys,Pop
User_59,Stairway to Heaven,Led Zeppelin,Led Zeppelin,Led Zeppelin,Rock
User_59,Waterloo Sunset,The Kinks,The Kinks,The Kinks,Lofi
User_59,Bohemian Like You,The Dandy Warhols,The Dandy Warhols,The Dandy Warhols,Rock
User_59,Shape of You,Ed Sheeran,Ed Sheeran,Ed Sheeran,Pop
User_59,Billie Jean,Michael Jackson,Michael Jackson,Michael Jackson,Reverbe
User_60,A Day in the Life,The Beatles,The Beatles,The Beatles,Rock
User_60,Rolling in the Deep,Adele,Adele,Adele,Pop
User_60,Wish You Were Here,Pink Floyd,Pink Floyd,Pink Floyd,Jazz
User_60,Imagine,John Lennon,John Lennon,John Lennon,Rock
User_60,American Pie,Don McLean,Don McLean,Don McLean,Rock
User_61,Smells Like Teen Spirit,Nirvana,Nirvana,Nirvana,Grunge
User_61,Rolling in the Deep,Adele,Adele,Adele,Pop
User_61,A Day in the Life,The Beatles,The Beatles,The Beatles,Rock
User_61,Like a Rolling Stone,Bob Dylan,Bob Dylan,Bob Dylan,Rock
User_61,Waterloo Sunset,The Kinks,The Kinks,The Kinks,Lofi
User_62,Hey Jude,The Beatles,The Beatles,The Beatles,Rock
User_62,Good Vibrations,The Beach Boys,The Beach Boys,The Beach Boys,Pop
User_62,Like a Rolling Stone,Bob Dylan,Bob Dylan,Bob Dylan,Rock
User_62,Smells Like Teen Spirit,Nirvana,Nirvana,Nirvana,Grunge
User_62,Rolling in the Deep,Adele,Adele,Adele,Pop
User_63,American Pie,Don McLean,Don McLean,Don McLean,Rock
User_63,Hotel California,Eagles,Eagles,Eagles,Slow
User_63,Thriller,Michael Jackson,Michael Jackson,Michael Jackson,Pop
User_63,Good Vibrations,The Beach Boys,The Beach Boys,The Beach Boys,Pop
User_63,Wish You Were Here,Pink Floyd,Pink Floyd,Pink Floyd,Jazz
User_64,Rolling in the Deep,Adele,Adele,Adele,Pop
User_64,Good Vibrations,The Beach Boys,The Beach Boys,The Beach Boys,Pop
User_64,Smells Like Teen Spirit,Nirvana,Nirvana,Nirvana,Grunge
User_64,A Day in the Life,The Beatles,The Beatles,The Beatles,Rock
User_64,Hey Jude,The Beatles,The Beatles,The Beatles,Rock
User_65,Shape of You,Ed Sheeran,Ed Sheeran,Ed Sheeran,Pop
User_65,Brown Sugar,The Rolling Stones,The Rolling Stones,The Rolling Stones,Rock
User_65,Wish You Were Here,Pink Floyd,Pink Floyd,Pink Floyd,Jazz
User_65,Sympathy for the Devil,The Rolling Stones,The Rolling Stones,The Rolling Stones,Jazz
User_65,Smells Like Teen Spirit,Nirvana,Nirvana,Nirvana,Grunge
User_66,Thriller,Michael Jackson,Michael Jackson,Michael Jackson,Pop
User_66,Hey Jude,The Beatles,The Beatles,The Beatles,Rock
User_66,Brown Sugar,The Rolling Stones,The Rolling Stones,The Rolling Stones,Rock
User_66,Bohemian Rhapsody,Queen,Queen,Queen,Rock
User_66,Like a Rolling Stone,Bob Dylan,Bob Dylan,Bob Dylan,Rock
User_67,Imagine,John Lennon,John Lennon,John Lennon,Rock
User_67,Brown Sugar,The Rolling Stones,The Rolling Stones,The Rolling Stones,Rock
User_67,A Day in the Life,The Beatles,The Beatles,The Beatles,Rock
User_67,Like a Rolling Stone,Bob Dylan,Bob Dylan,Bob Dylan,Rock
User_67,Bohemian Rhapsody,Queen,Queen,Queen,Rock
User_68,Wish You Were Here,Pink Floyd,Pink Floyd,Pink Floyd,Jazz
User_68,Waterloo Sunset,The Kinks,The Kinks,The Kinks,Lofi
User_68,Brown Sugar,The Rolling Stones,The Rolling Stones,The Rolling Stones,Rock
User_68,Shape of You,Ed Sheeran,Ed Sheeran,Ed Sheeran,Pop
User_68,Thriller,Michael Jackson,Michael Jackson,Michael Jackson,Pop
User_69,Billie Jean,Michael Jackson,Michael Jackson,Michael Jackson,Reverbe
User_69,Smells Like Teen Spirit,Nirvana,Nirvana,Nirvana,Grunge
User_69,Hey Jude,The Beatles,The Beatles,The Beatles,Rock
User_69,A Day in the Life,The Beatles,The Beatles,The Beatles,Rock
User_69,Imagine,John Lennon,John Lennon,John Lennon,Rock
User_70,Sympathy for the Devil,The Rolling Stones,The Rolling Stones,The Rolling Stones,Jazz
User_70,Good Vibrations,The Beach Boys,The Beach Boys,The Beach Boys,Pop
User_70,Smells Like Teen Spirit,Nirvana,Nirvana,Nirvana,Grunge
User_70,Hey Jude,The Beatles,The Beatles,The Beatles,Rock
User_70,Bohemian Like You,The Dandy Warhols,The Dandy Warhols,The Dandy Warhols,Rock
User_71,Hotel California,Eagles,Eagles,Eagles,Slow
User_71,Good Vibrations,The Beach Boys,The Beach Boys,The Beach Boys,Pop
User_71,Thriller,Michael Jackson,Michael Jackson,Michael Jackson,Pop
User_71,Rolling in the Deep,Adele,Adele,Adele,Pop
User_71,Sympathy for the Devil,The Rolling Stones,The Rolling Stones,The Rolling Stones,Jazz
User_72,Bohemian Rhapsody,Queen,Queen,Queen,Rock
User_72,A Day in the Life,The Beatles,The Beatles,The Beatles,Rock
User_72,What's Going On,Marvin Gaye,Marvin Gaye,Marvin Gaye,R&B
User_72,Stairway to Heaven,Led Zeppelin,Led Zeppelin,Led Zeppelin,Rock
User_72,Brown Sugar,The Rolling Stones,The Rolling Stones,The Rolling Stones,Rock
User_73,Sympathy for the Devil,The Rolling Stones,The Rolling Stones,The Rolling Stones,Jazz
User_73,Imagine,John Lennon,John Lennon,John Lennon,Rock
User_73,Stairway to Heaven,Led Zeppelin,Led Zeppelin,Led Zeppelin,Rock
User_73,Bohemian Rhapsody,Queen,Queen,Queen,Rock
User_73,Like a Rolling Stone,Bob Dylan,Bob Dylan,Bob Dylan,Rock
User_74,Bohemian Rhapsody,Queen,Queen,Queen,Rock
User_74,What's Going On,Marvin Gaye,Marvin Gaye,Marvin Gaye,R&B
User_74,Sympathy for the Devil,The Rolling Stones,The Rolling Stones,The Rolling Stones,Jazz
User_74,Shape of You,Ed Sheeran,Ed Sheeran,Ed Sheeran,Pop
User_74,Waterloo Sunset,The Kinks,The Kinks,The Kinks,Lofi
User_75,Shape of You,Ed Sheeran,Ed Sheeran,Ed Sheeran,Pop
User_75,Billie Jean,Michael Jackson,Michael Jackson,Michael Jackson,Reverbe
User_75,Wish You Were Here,Pink Floyd,Pink Floyd,Pink Floyd,Jazz
User_75,Hotel California,Eagles,Eagles,Eagles,Slow
User_75,Thriller,Michael Jackson,Michael Jackson,Michael Jackson,Pop
User_76,Stairway to Heaven,Led Zeppelin,Led Zeppelin,Led Zeppelin,Rock
User_76,Hey Jude,The Beatles,The Beatles,The Beatles,Rock
User_76,Bohemian Like You,The Dandy Warhols,The Dandy Warhols,The Dandy Warhols,Rock
User_76,Hotel California,Eagles,Eagles,Eagles,Slow
User_76,Bohemian Rhapsody,Queen,Queen,Queen,Rock
User_77,Thriller,Michael Jackson,Michael Jackson,Michael Jackson,Pop
User_77,Bohemian Rhapsody,Queen,Queen,Queen,Rock
User_77,Shape of You,Ed Sheeran,Ed Sheeran,Ed Sheeran,Pop
User_77,Wish You Were Here,Pink Floyd,Pink Floyd,Pink Floyd,Jazz
User_77,Like a Rolling Stone,Bob Dylan,Bob Dylan,Bob Dylan,Rock
User_78,Billie Jean,Michael Jackson,Michael Jackson,Michael Jackson,Reverbe
User_78,Hey Jude,The Beatles,The Beatles,The Beatles,Rock
User_78,Rolling in the Deep,Adele,Adele,Adele,Pop
User_78,Brown Sugar,The Rolling Stones,The Rolling Stones,The Rolling Stones,Rock
User_78,Bohemian Like You,The Dandy Warhols,The Dandy Warhols,The Dandy Warhols,Rock
User_79,Like a Rolling Stone,Bob Dylan,Bob Dylan,Bob Dylan,Rock
User_79,Bohemian Rhapsody,Queen,Queen,Queen,Rock
User_79,Hotel California,Eagles,Eagles,Eagles,Slow
User_79,Billie Jean,Michael Jackson,Michael Jackson,Michael Jackson,Reverbe
User_79,Wish You Were Here,Pink Floyd,Pink Floyd,Pink Floyd,Jazz
User_80,Rolling in the Deep,Adele,Adele,Adele,Pop
User_80,Brown Sugar,The Rolling Stones,The Rolling Stones,The Rolling Stones,Rock
User_80,American Pie,Don McLean,Don McLean,Don McLean,Rock
User_80,Hey Jude,The Beatles,The Beatles,The Beatles,Rock
User_80,Billie Jean,Michael Jackson,Michael Jackson,Michael Jackson,Reverbe
User_81,Shape of You,Ed Sheeran,Ed Sheeran,Ed Sheeran,Pop
User_81,Hotel California,Eagles,Eagles,Eagles,Slow
User_81,Smells Like Teen Spirit,Nirvana,Nirvana,Nirvana,Grunge
User_81,Stairway to Heaven,Led Zeppelin,Led Zeppelin,Led Zeppelin,Rock
User_81,Hey Jude,The Beatles,The Beatles,The Beatles,Rock
User_82,Good Vibrations,The Beach Boys,The Beach Boys,The Beach Boys,Pop
User_82,Bohemian Like You,The Dandy Warhols,The Dandy Warhols,The Dandy Warhols,Rock
User_82,Shape of You,Ed Sheeran,Ed Sheeran,Ed Sheeran,Pop
User_82,American Pie,Don McLean,Don McLean,Don McLean,Rock
User_82,Smells Like Teen Spirit,Nirvana,Nirvana,Nirvana,Grunge
User_83,Bohemian Rhapsody,Queen,Queen,Queen,Rock
User_83,Shape of You,Ed Sheeran,Ed Sheeran,Ed Sheeran,Pop
User_83,A Day in the Life,The Beatles,The Beatles,The Beatles,Rock
User_83,What's Going On,Marvin Gaye,Marvin Gaye,Marvin Gaye,R&B
User_83,Imagine,John Lennon,John Lennon,John Lennon,Rock
User_84,Imagine,John Lennon,John Lennon,John Lennon,Rock
User_84,Bohemian Rhapsody,Queen,Queen,Queen,Rock
User_84,Sympathy for the Devil,The Rolling Stones,The Rolling Stones,The Rolling Stones,Jazz
User_84,Hotel California,Eagles,Eagles,Eagles,Slow
User_84,Brown Sugar,The Rolling Stones,The Rolling Stones,The Rolling Stones,Rock
User_85,Bohemian Rhapsody,Queen,Queen,Queen,Rock
User_85,Like a Rolling Stone,Bob Dylan,Bob Dylan,Bob Dylan,Rock
User_85,Good Vibrations,The Beach Boys,The Beach Boys,The Beach Boys,Pop
User_85,What's Going On,Marvin Gaye,Marvin Gaye,Marvin Gaye,R&B
User_85,Rolling in the Deep,Adele,Adele,Adele,Pop
User_86,Bohemian Like You,The Dandy Warhols,The Dandy Warhols,The Dandy Warhols,Rock
User_86,Hey Jude,The Beatles,The Beatles,The Beatles,Rock
User_86,Shape of You,Ed Sheeran,Ed Sheeran,Ed Sheeran,Pop
User_86,Smells Like Teen Spirit,Nirvana,Nirvana,Nirvana,Grunge
User_86,Thriller,Michael Jackson,Michael Jackson,Michael Jackson,Pop
User_87,Sympathy for the Devil,The Rolling Stones,The Rolling Stones,The Rolling Stones,Jazz
User_87,Billie Jean,Michael Jackson,Michael Jackson,Michael Jackson,Reverbe
User_87,Thriller,Michael Jackson,Michael Jackson,Michael Jackson,Pop
User_87,Stairway to Heaven,Led Zeppelin,Led Zeppelin,Led Zeppelin,Rock
User_87,Waterloo Sunset,The Kinks,The Kinks,The Kinks,Lofi
User_88,Hotel California,Eagles,Eagles,Eagles,Slow
User_88,Thriller,Michael Jackson,Michael Jackson,Michael Jackson,Pop
User_88,Like a Rolling Stone,Bob Dylan,Bob Dylan,Bob Dylan,Rock
User_88,Shape of You,Ed Sheeran,Ed Sheeran,Ed Sheeran,Pop
User_88,American Pie,Don McLean,Don McLean,Don McLean,Rock
User_89,Stairway to Heaven,Led Zeppelin,Led Zeppelin,Led Zeppelin,Rock
User_89,Like a Rolling Stone,Bob Dylan,Bob Dylan,Bob Dylan,Rock
User_89,Imagine,John Lennon,John Lennon,John Lennon,Rock
User_89,Smells Like Teen Spirit,Nirvana,Nirvana,Nirvana,Grunge
User_89,Billie Jean,Michael Jackson,Michael Jackson,Michael Jackson,Reverbe
User_90,Hotel California,Eagles,Eagles,Eagles,Slow
User_90,Hey Jude,The Beatles,The Beatles,The Beatles,Rock
User_90,Shape of You,Ed Sheeran,Ed Sheeran,Ed Sheeran,Pop
User_90,Bohemian Rhapsody,Queen,Queen,Queen,Rock
User_90,Rolling in the Deep,Adele,Adele,Adele,Pop
User_91,Sympathy for the Devil,The Rolling Stones,The Rolling Stones,The Rolling Stones,Jazz
User_91,Like a Rolling Stone,Bob Dylan,Bob Dylan,Bob Dylan,Rock
User_91,Hotel California,Eagles,Eagles,Eagles,Slow
User_91,Wish You Were Here,Pink Floyd,Pink Floyd,Pink Floyd,Jazz
User_91,Billie Jean,Michael Jackson,Michael Jackson,Michael Jackson,Reverbe
User_92,Good Vibrations,The Beach Boys,The Beach Boys,The Beach Boys,Pop
User_92,Like a Rolling Stone,Bob Dylan,Bob Dylan,Bob Dylan,Rock
User_92,Waterloo Sunset,The Kinks,The Kinks,The Kinks,Lofi
User_92,Wish You Were Here,Pink Floyd,Pink Floyd,Pink Floyd,Jazz
User_92,Billie Jean,Michael Jackson,Michael Jackson,Michael Jackson,Reverbe
User_93,Thriller,Michael Jackson,Michael Jackson,Michael Jackson,Pop
User_93,Smells Like Teen Spirit,Nirvana,Nirvana,Nirvana,Grunge
User_93,Brown Sugar,The Rolling Stones,The Rolling Stones,The Rolling Stones,Rock
User_93,Good Vibrations,The Beach Boys,The Beach Boys,The Beach Boys,Pop
User_93,Stairway to Heaven,Led Zeppelin,Led Zeppelin,Led Zeppelin,Rock
User_94,Smells Like Teen Spirit,Nirvana,Nirvana,Nirvana,Grunge
User_94,What's Going On,Marvin Gaye,Marvin Gaye,Marvin Gaye,R&B
User_94,Imagine,John Lennon,John Lennon,John Lennon,Rock
User_94,Shape of You,Ed Sheeran,Ed Sheeran,Ed Sheeran,Pop
User_94,Sympathy for the Devil,The Rolling Stones,The Rolling Stones,The Rolling Stones,Jazz
User_95,Sympathy for the Devil,The Rolling Stones,The Rolling Stones,The Rolling Stones,Jazz
User_95,Imagine,John Lennon,John Lennon,John Lennon,Rock
User_95,Good Vibrations,The Beach Boys,The Beach Boys,The Beach Boys,Pop
User_95,Rolling in the Deep,Adele,Adele,Adele,Pop
User_95,Bohemian Rhapsody,Queen,Queen,Queen,Rock
User_96,Bohemian Like You,The Dandy Warhols,The Dandy Warhols,The Dandy Warhols,Rock
User_96,Stairway to Heaven,Led Zeppelin,Led Zeppelin,Led Zeppelin,Rock
User_96,Bohemian Rhapsody,Queen,Queen,Queen,Rock
User_96,Sympathy for the Devil,The Rolling Stones,The Rolling Stones,The Rolling Stones,Jazz
User_96,Thriller,Michael Jackson,Michael Jackson,Michael Jackson,Pop
User_97,Sympathy for the Devil,The Rolling Stones,The Rolling Stones,The Rolling Stones,Jazz
User_97,Rolling in the Deep,Adele,Adele,Adele,Pop
User_97,Stairway to Heaven,Led Zeppelin,Led Zeppelin,Led Zeppelin,Rock
User_97,Like a Rolling Stone,Bob Dylan,Bob Dylan,Bob Dylan,Rock
User_97,Bohemian Rhapsody,Queen,Queen,Queen,Rock
User_98,American Pie,Don McLean,Don McLean,Don McLean,Rock
User_98,Bohemian Like You,The Dandy Warhols,The Dandy Warhols,The Dandy Warhols,Rock
User_98,Stairway to Heaven,Led Zeppelin,Led Zeppelin,Led Zeppelin,Rock
User_98,A Day in the Life,The Beatles,The Beatles,The Beatles,Rock
User_98,Imagine,John Lennon,John Lennon,John Lennon,Rock
User_99,Hey Jude,The Beatles,The Beatles,The Beatles,Rock
User_99,Sympathy for the Devil,The Rolling Stones,The Rolling Stones,The Rolling Stones,Jazz
User_99,American Pie,Don McLean,Don McLean,Don McLean,Rock
User_99,Hotel California,Eagles,Eagles,Eagles,Slow
User_99,Smells Like Teen Spirit,Nirvana,Nirvana,Nirvana,Grunge
User_100,A Day in the Life,The Beatles,The Beatles,The Beatles,Rock
User_100,Bohemian Rhapsody,Queen,Queen,Queen,Rock
User_100,Like a Rolling Stone,Bob Dylan,Bob Dylan,Bob Dylan,Rock
User_100,Hotel California,Eagles,Eagles,Eagles,Slow
User_100,Bohemian Like You,The Dandy Warhols,The Dandy Warhols,The Dandy Warhols,Rock
